{"schemaVersion":"1.0","appDefinitionTemplate":{"id":"/providers/Microsoft.PowerApps/apps/","type":"Microsoft.PowerApps/apps","tags":{"primaryDeviceWidth":"1366","primaryDeviceHeight":"768","supportsPortrait":"true","supportsLandscape":"true","primaryFormFactor":"Tablet","showStatusBar":"false","publisherVersion":"3.24123.10","minimumRequiredApiVersion":"2.2.0","hasComponent":"false","hasUnlockedComponent":"false","isUnifiedRootApp":"false","sienaVersion":"20250109T123740Z-3.24123.10.0"},"properties":{"appVersion":"2025-01-09T12:37:40Z","lifeCycleId":"Published","createdByClientVersion":{"major":3,"minor":24123,"build":10,"revision":0,"majorRevision":0,"minorRevision":0},"minClientVersion":{"major":3,"minor":24123,"build":10,"revision":0,"majorRevision":0,"minorRevision":0},"backgroundColor":"RGBA(0,176,240,1)","backgroundImageUri":"/5259191419621403365/N313fd3aa-feb6-4f36-a5cf-9dbfa687067b-logoSmallFile","displayName":"Resistance","description":"","commitMessage":"","appUris":{"documentUri":{"value":"/5259191419621403365/N29f66edc-3c91-41fb-ba56-b95dc70ec528-document.msapp"},"imageUris":[],"additionalUris":[{"isSolutionAware":false,"value":"/5259191419621403365/N1a3036fc-9faa-4ccd-9c0c-7eac9fb03324-identity.json"}]},"createdTime":"0001-01-01T00:00:00Z","lastModifiedTime":"0001-01-01T00:00:00Z","sharedGroupsCount":0,"sharedUsersCount":0,"connectionReferences":{},"databaseReferences":{},"almMode":"Environment","performanceOptimizationEnabled":false,"canConsumeAppPass":false,"enableModernRuntimeMode":false,"executionRestrictions":{"isTeamsOnly":false,"dataLossPreventionEvaluationResult":{"status":"Compliant","lastEvaluationDate":"2024-08-28T20:19:28.5903007Z","violations":[],"violationsByPolicy":[],"violationErrorMessage":"O aplicativo usa os seguintes conectores: ."}}},"isAppComponentLibrary":false,"appType":"ClassicCanvasApp","appComponents":[]}}